No,DISEÑADOR,NOMBRE DE LA FRAGANCIA
284,ABERCOMBRIE &FITCH,FIRCE FOR HER
443,ABERCOMBRIE &FITCH,FIRCE AUTENTIC WOMAN
1,ADOLFO DOMINGUEZ,NUDE MUSK
2,ADOLFO DOMINGUEZ,TERRACOTA MUSK
3,ADOLFO DOMINGUEZ,AGUA DE ROSAS BLANCAS
509,AGATA RUIZ,LOOK LOOK
4,AGATHA RUIZ,LOOK
352,AGATHA RUIZ,WOW GIRL
315,ALFRED DUNHILL,DESEO WOMAN
426,AMOUAGE,GUIDANCE
5,ANIMAL,ANIMAL
6,ANIMAL,ANIMAL SEDUCCION
7,ARIANA GRANDE,ARI
8,ARIANA GRANDE,MOONLIGHT
9,ARIANA GRANDE,THANK U NEXT
10,ARIANA GRANDE,R.E.M.
11,ARIANA GRANDE,GOD IS WOMAN
12,ARIANA GRANDE,CLOUD
13,ARIANA GRANDE,SWEET LIKE CANDY
376,ARIANA GRANDE,MOD VANILLA
393,ARIANA GRANDE,MOD BLUSH
447,ARIANA GRANDE,CLOUD PINK
14,ARMANI,AQUA DI GIO
15,ARMANI,SI PASSIONE
16,ARMANI,EMPORIO ARMANI
17,ARMANI,YOU
18,ARMANI,BLACK CODE
19,ARMANI,MY WAY
20,ARMANI,BECAUSE IT'S YOU
21,ARMANI,SENSI DI GIOGIA
22,ARMANI,SI
344,ARMANI,MY WAY EDP
353,ARMANI,DIAMONS
453,ARMANI,SI
486,ARMANI,MY WAY NECTAR
495,ARMANI,MY WAY PARFUM
412,AZZARO,EANTED GIRL
452,BARBIE,BARBIE
389,BEBE,SHER
23,BENETTON,TRIBU
24,BENETTON,SISTERLAND RED ROSE
25,BENETTON,SISTERLAND PINK
26,BENETTON,SISTERLAND GREEN JAZMIN
27,BENETTON,COLORS WOMAN ROSE
450,BENETTON,COLOR WOMAN ROSE
480,BENETTON,UNITED DREAMS GREEN CATUS
473,BEYONCE,CE NOIR
380,BILIE EILISH,EILISH EDP
490,BODY SHOP,CASSIR ROSE
410,BOND 9,LOLITA
28,BRITNEY SPEARS,MIDNIGHT FANTASY
289,BRITNEY SPEARS,FANTASY
429,BRITNEY SPEARS,FANTASY THE NICE REMIX
540,BRITNEY SPEARS,FANTASY JUNGLE
29,BURBERRY,HER
30,BURBERRY,LONDON
335,BURBERRY,BURBERRY FOR WOMAN
377,BURBERRY,BURBERRY HER ELIXIR PERFUM
449,BURBERRY,GODDESS
31,BVLGARI,AQUA DIVINA
32,BVLGARI,OMNIA BY MARY
33,BVLGARI,OMNIA CRYSTALINO
355,BVLGARI,OMNIA CORAL
545,BVLGARI,CHILL & SOLEI
34,CACHAREL,AMOR AMOR
35,CACHAREL,ANAIS ANAIS
36,CACHAREL,SCARLET
37,CACHAREL,YES I AM
38,CACHAREL,AMOR AMOR TENTATION
397,CACHAREL,YES I AM BLOM UP
39,CALVIN KLEIN,ETERNITY
40,CALVIN KLEIN,SCAPE
41,CALVIN KLEIN,ETERNITY INTENSE
42,CALVIN KLEIN,CK IN2U WOMAN
43,CALVIN KLEIN,CK BE
44,CALVIN KLEIN,OBSSESION
45,CALVIN KLEIN,OBSSESSION NIGHT WOMAN
46,CALVIN KLEIN,OBSSESION FOR WOMAN
47,CALVIN KLEIN,ETERNITY ROSE
48,CALVIN KLEIN,CK ONE SHOCK FOR HER
49,CALVIN KLEIN,ETERNITY NOW
302,CALVIN KLEIN,EUPHORIA
388,CALVIN KLEIN,ETERNITY EAU DI PERFUMEINTENSE
425,CALVIN KLEIN,CK ONE REFLECTIONS
457,CALVIN KLEIN,CK ONE EVERY ONE EAU PARFUM
458,CALVIN KLEIN,CK1 PALACE
467,CALVIN KLEIN,CK ONE COLLECOR
50,CAROLINA HERRERA,212 VIP ROSE RED
292,CAROLINA HERRERA,INSIGNIA
303,CAROLINA HERRERA,212 VIP WINS
316,CAROLINA HERRERA,212 HEROES
51,CAROLINA HERRERA,212
52,CAROLINA HERRERA,212 VIP
53,CAROLINA HERRERA,212 VIP ROSE
54,CAROLINA HERRERA,212 SEXY
55,CAROLINA HERRERA,GOOD GIRL
56,CAROLINA HERRERA,EAU DE PERFUME SUBLIME
57,CAROLINA HERRERA,CAROLINA HERRERA
58,CAROLINA HERRERA,GOOD GIRL VELVET
59,CAROLINA HERRERA,GOOD GIRL SUPREM
60,CAROLINA HERRERA,CH BEAUTY
61,CAROLINA HERRERA,QUEEN
62,CAROLINA HERRERA,VERY GOOD GIRL
63,CAROLINA HERRERA,GOOD GIRL SUPER STAR
338,CAROLINA HERRERA,CH HOT HOT HOT
364,CAROLINA HERRERA,ALEGRIA DE VIVIR
365,CAROLINA HERRERA,MAD WORLD
366,CAROLINA HERRERA,212 VIP ROSE I LOVE
367,CAROLINA HERRERA,ME FIRST
368,CAROLINA HERRERA,FEARLES & FABULOUS
369,CAROLINA HERRERA,LUCKY CHARM
370,CAROLINA HERRERA,CALL ME DARLING
394,CAROLINA HERRERA,GOOD GIRL MIDNIGHT
402,CAROLINA HERRERA,GOOD GIRL BLUSH
403,CAROLINA HERRERA,GOOD GIRL LIGERE
404,CAROLINA HERRERA,PASSION FOR HER
440,CAROLINA HERRERA,VERY GOOD GIRL GLAM
441,CAROLINA HERRERA,CH EAU PARFUM SUBLIME
442,CAROLINA HERRERA,GOOD GIRL DANZING GARDEN
456,CAROLINA HERRERA,CHIC
517,CAROLINA HERRERA,GOOD GIRL BLUSH ELIXIR
550,CAROLINA HERRERA,CH
64,CARTIER,INSUOLENCIA
313,CARTIER,EAU CARTIER
65,CHANEL,GABRIELLE
66,CHANEL,CHANEL 5
67,CHANEL,CHANCE
68,CHANEL,COCO CHANEL
69,CHANEL,MADEMOISELLE INTENSE
70,CHANEL,ALLURE
71,CHANEL,MADEMOISELLE
72,CHANEL,CHANCE EAU
286,CHANEL,CHANCE OPORTUNITY
287,CHANEL,CHANCE TENDRE
294,CHANEL,COCO NOIR
357,CHANEL,PARIS PARIS
454,CHANEL,SYCOMORE
332,CHLOE,NOMADE
407,CHLOE,CHLOE EAU
551,CLINIQUE,HAPPY
81,COACH,DREAM SUNSET
82,CREED,IRIS TUBEROSE
83,CREED,SPRING FLOWER
342,CREED,WIND FLOWERS
432,CREED,AVENTUS FOR HER
470,CREED,CARMINA
553,CREED,LOVE IN THE WHITE FOR SUMMER
451,CUBA PARIS,CUBA TATTO
84,DANNA,TABOO
85,DAVID COFF,COOL WATER
434,DIESEL,D BY DIESEL
73,DIOR,ADICT
74,DIOR,JADORE
75,DIOR,MISS DIOR BLOOMING
76,DIOR,MISS DIOR CHERRIE
77,DIOR,POISSON GIRL
78,DIOR,HIPNOTIC POISON
79,DIOR,POISSON
80,DIOR,EDEN ROC
86,DIOR,MISS DIOR EDP LADY
420,DIOR,JADORE INFINISSIME
487,DIOR,MIS DIOR PARFUM 2024
504,DIOR,MISS DIOR EAU DE PARFUM 2022
87,DOLCE & GABANNA,DOLCE & GABANNA
88,DOLCE & GABANNA,LIGTH BLUE
89,DOLCE & GABANNA,GIRL
90,DOLCE & GABANNA,THE ONE
91,DOLCE & GABANNA,DOLCE ROSA
92,DOLCE & GABANNA,LIGHT BLUE FOREVER
306,DOLCE & GABANNA,SISI
385,DOLCE & GABANNA,QUEEN BY DOLCE
430,DOLCE & GABANNA,DULCE VIOLET
438,DOLCE & GABANNA,DEVOTION
439,DOLCE & GABANNA,THE ONE SCENSE
468,DOLCE & GABANNA,LIGHT BLUE SUMERS
560,DOLCE & GABANNA,DOLCE VITA
93,DONNA KARAM,BE DELICIUOS
94,DONNA KARAM,BE DELICIUOS ELECTRIC
95,DONNA KARAM,BE DELICIOUS GLOW
96,DONNA KARAM,RED DELICIUOS
97,DONNA KARAM,LOVE FROM NEW YORK
98,DONNA KARAM,BE DELICIUS BRIGHT CRUSH
99,DONNA KARAM,BE DELICIUS FRESH BLOSOM
100,DONNA KARAM,BE 100 % DELICIUS
101,ED HARDY,ED HARDY WOMAN
102,ELIZABERTH ARDEN,RED DOR
103,ELIZABETH ARDEN,5a AVENIDA
104,ELIZABETH ARDEN,SUN FLOWERS SUMMER
105,ELIZABETH TAYLOR,PASSION
106,ELIZABETH TAYLOR,PERLAS NEGRAS
107,ELIZABETH TAYLOR,WHITE DIAMONS
347,ENRIQUE IGLESIAS,DEPLY YURS FOR HER
108,ESCADA,TROPIC PUNCH
109,ESCADA,MIAMI BLOSSOM
110,ESCADA,SUN SET
111,ESCADA,SEXY GRAFFITY
112,ESCADA,JOY FUL MOMENTS
113,ESCADA,MOM SPARKLE WOMAN
291,ESCADA,SORBETO ROSE
301,ESCADA,ISLAND KISS
374,ESCADA,CHERRY IN THE AIR
383,ESCADA,SHOW ME LOVE
415,ESCADA,CHERRY IN THE AIR
465,ESCADA,FRUITY CROSS
114,ESTEE LAUDER,PLEASURE FLORALES
115,ESTEE LAUDER,PLEASURES
116,ESTEE LAUDER,BEAUTIFUL MAGNOLIA
117,ESTEE LAUDER,ESTE LAUDER
118,ESTEE LAUDER,LE FEMME
350,ESTEE LAUDER,BEAUTIFUL
493,ESTEE LAUDER,BEJONCE PARADISE
119,FRED HAYMAN,273
290,GERMAIN MONTIEL,ROYAL SECRET
120,GIVENCHY,ANGEL & DEMOND
121,GIVENCHY,AMARIGE
122,GIVENCHY,ORGANZA
123,GIVENCHY,LIVE IRRESISTIBLE DELICIUS
124,GIVENCHY,VERY IRRESISTIBLE
125,GIVENCHY,INTERDIT
126,GIVENCHY,IRRESISTIBLE
127,GIVENCHY,INTERDIT ROUGE
128,GIVENCHY,ANGEL & DEMOND SECRET
348,GIVENCHY,EAU DEMOISELLE PALASHA
387,GIVENCHY,IRRESISTIBLE EAU INTENSE
414,GIVENCHY,LA PETIT ROBLE NOIR
424,GIVENCHY,PI
503,GIVENCHY,IRRESISTIBLE EAU TOLLITE
129,GUCCI,GUCCI BAMBOO
130,GUCCI,GUCCI BLOOM NETARE
300,GUCCI,GUCCI GUILTY
343,GUCCI,GUILTY INTENSE
379,GUCCI,FLORA JAZMIN
423,GUCCI,GUCCI BLOOM INTENSE
520,GUCCI,GUILTY ELIXIR DE PARFUM
527,GUCCI,GUILTY ABSOLUT
528,GUCCI,FLORA GERGIUS MAGNOLIA
529,GUCCI,FLORA GERGIUS ORQUID
131,GUERLAIN,SAMSARA
381,GUERLAIN,LA PETITE ROBE NOIR
400,GUERLAIN,GREEN OASIS
533,GUERLAIN,SPARKING LIGHT
534,GUERLAIN,MOON DE GUERLAIN
132,GUESS,GUESS
133,GUESS,GUESS GOLD
386,GUESS,BELLA VITA ROSE
134,HILARY DUFF,WHIT LOVE
135,HUGO BOSS,WOMAN
136,HUGO BOSS,BOSS FEMME
137,HUGO BOSS,LIVE
138,HUGO BOSS,DEEP RED
304,HUGO BOSS,ORANGE
305,HUGO BOSS,XX BOSS
312,HUGO BOSS,THE SCENCE
433,HUGO BOSS,ALIVE INTENSE
482,HUGO BOSS,HUGO XX
556,HUGO BOSS,BOSS XX
329,ISSEY MIYAKE,A DROP DISSEY
139,JEAN CHARLES,OMBRE ROSE
140,JEAN PAUL,LE BELLE
307,JEAN PAUL,SCANDALO GOLD
310,JEAN PAUL,SECRET LUMINOSO
349,JEAN PAUL,I LOVE CLASSIQUE
359,JEAN PAUL,SCANDAL LE PERFUME
497,JEAN PAUL,LE BELLE PARADISE
518,JEAN PAUL,LE BELLE PARADISE GUARD
141,JEAN PAUL,SCANDAL
142,JESUS DEL POZO,HALLOWEEN
143,JESUS DEL POZO,HALLOWEEN KISS
340,JESÚS DEL POZO,HALLOWEEN BLOSOM
395,JIMMY CHOO,I WANT CHOO FOREVER
409,JIMMY CHOO,JIMMY CHOO FOR EVER
144,JO MALONE,SCARLET PUPPY INTENSE
531,JOVAN,JOVAN MUSK
356,JUICY CULTURE,VIVA LA JUICE
484,JUICY CULTURE,I LOVE JUICE
145,JUSTIN BIEBER,SOMEDAY
146,JUSTIN BIEBER,THE KEY
539,JUSTIN BIEBER,NEXT GIRLFREND
147,KATY PERRY,MEOW
148,KATY PERRY,MAD LOVE
149,KATY PERRY,PURRY
150,KATY PERRY,KILLER QUEEN
309,KATY PERRY,SPRING REING
525,KAYAL,AICAN
535,KAYALI,VAINILLA ROCK
151,KENZO,KENZO WORLD INTENSE
361,KENZO,KENZO FLOWERS ABSOLUT
431,KENZO,KENZO FLOWERS ELIXIR
152,KENZO,KENZO FLOWERS
153,KENZO,AQUA KENZO
154,KENZO,KENZO AMOR
378,KILIAN,KILIAN LOVE
392,KILIAN,CANT STOP LOVING YOU
155,KIM KARDASHIAN,PINK DIAMOND
156,KIM KARDASHIAN,RED LIPS
157,KIM KARDASHIAN,BABY GIRL
158,KIM KARDASHIAN,BADDIE
159,KIM KARDASHIAN,BFF
160,KIM KARDASHIAN,DIAMOND
161,KIM KARDASHIAN,RID OR DIE
162,KIM KARDASHIAN,LIPS PINK
285,KIM KARDASHIAN,BAE
299,KIM KARDASHIAN,KIMOJI CHERRY
464,KIM KARDASHIAN,WIFEY
163,LACOSTE,12:12 NATURAL
164,LACOSTE,LOVE OF PINK
165,LACOSTE,12:12 ELEGANT
166,LACOSTE,LACOSTE FEMME
167,LACOSTE,FEME TIME
168,LACOSTE,SPARKING COLLECTION
169,LACOSTE,ROSE FOR HER
317,LACOSTE,12:12 FRESH
318,LACOSTE,12:12 SPARKING
319,LACOSTE,12:12 MAGNETIC
320,LACOSTE,TOUCH OF PINK
373,LACOSTE,12:12 ROSE EAU INTENSE
170,LANCOME,POEME
171,LANCOME,TREESOR
172,LANCOME,HIPNOTIC
173,LANCOME,LA VIDA ES BELLA
174,LANCOME,IDOLE
175,LANCOME,LA NUIT TREESOR
176,LANCOME,IDOLE AURA
177,LANCOME,ROSE PEONI
308,LANCOME,LA VIDA ES BELLA Y BRILLANTE
345,LANCOME,MAFNITIQUE
371,LANCOME,OUL LA VIDA ES BELLA
372,LANCOME,LA VIDA ES BELLA BELLO DESPERTAR
406,LANCOME,LA VIDA ES BELLA SOLEIL KRYSTAL
408,LANCOME,LANUIT TREESOR FLOR LANUIT
417,LANCOME,TREESRO MIDNIGHT ROSE
418,LANCOME,LA VIDA ES BELLA INTENSAMENTE
419,LANCOME,LA VIDA ES BELLA IRIS ABSOLUT
422,LANCOME,LA VIDA ES BELLA ELIXIR
523,LANCOME,MILLIET UNE ROSE
541,LANCOME,MIRACLE
178,LANCOME,JAZMIN D EAU
446,LATTAFA,YARA
469,LATTAFA,MAYAR
507,LATTAFA,HAYA
512,LATTAFA,OUD SALAMI
513,LATTAFA,YARA MOI
514,LATTAFA,MAYAR NATURAL
524,LATTAFA,EJAZZI
537,LATTAFA,OUD SALAMA
538,LATTAFA,MAYAR NATURAL INTENSE
546,LATTAFA,AJWAD
547,LATTAFA,KASHIAN
548,LATTAFA,MAYAR CHERRY INTENSE
549,LATTAFA,YARA TOUS
554,LATTAFA,YARA CANDY
396,LAVIN,ECLAT D ALPAGE MOON ECLAT
179,LIZ CLAIBORNE,MAMBO WOMAN
180,LOEWE,SOLO PARA ELLA
331,LOEWE,PAULA IBIZA
283,LOLITA LEMPIKA,WOMAN
181,LOUIS VUITTON,ROSE DES VENTS
327,LOUIS VUITTON,ATTRAPES REVES
328,LOUIS VUITTON,CITY OF STARS
182,MADAM ROCHAS,MADAME ROCHE
183,MADAM ROCHAS,GIRL
444,MADAM ROCHAS,EAU ROCGAS
445,MADAM ROCHAS,ROCHAS MADEIMOSELL
330,MAISON FRANCIS,LIQUID GOLD
358,MAISON FRANCIS,BACCARAT
526,MAISON FRANCIS,BACARAT 540 EXTRAIL PARFUM
471,MALUMA,JADE ROYALTY
472,MALUMA,AMETHIST ROYAL
296,MANCERA,VAINILLA ROSE
184,MARC JACOBS,MUJER PERFECTA
185,MARC JACOBS,SI LOLITA
322,MARC JACOBS,DAISY SKIES
323,MARC JACOBS,DAISY EAU INTENSE
324,MARC JACOBS,DAISY EAU FRESH
325,MARC JACOBS,DAISY LOVE
428,MARC JACOBS,DIVINE DECACENCE
521,MARC JACOBS,DAISY
559,MARC JACOBS,HONEY
186,MARIA SHARAPOVA,MARIA SHARAPOVA
485,MARLY,DELINA LIMITED
552,MARLYN,PLATINE
466,MICHAEL KORS,SUPER GEORGIN
187,MONT BLANC,EMBLEM LADY
188,MONT BLANC,FOREVER SIGNATURE
189,MOSCHINO,GOLD FRECH
190,MOSCHINO,TOY
191,MOSCHINO,FUNNY
192,MOSCHINO,I LOVE LOVE
193,MOSCHINO,GLAMOUR
194,MOSCHINO,TOY 2 BUMBLI
314,MOSCHINO,CHEAP &CHIC I LOVE LOVE
491,MOSCHINO,TOY 2
195,NARCISO RODRIGUEZ,MUSK GIRL
351,NARCISO RODRIGUEZ,EAU DI PERFUME
196,NAUTICA,NAUTICA WOMAN
197,NINA RICCI,NINA RICCI
198,NINA RICCI,AIRES DEL TIEMPO
293,NINA RICCI,NINA ULTRA ROUGE
321,NINA RICCI,NINA SOLEIL
489,NINA RICCI,LEXTASE DE ROSES
199,ONE DIRECTION,THAT MOMENT
477,ORIENTICA,FLEUR
478,ORIENTICA,MY MEDOLY
479,ORIENTICA,VELVET GOLD
200,OSCAR DE LA RENTA,OSCAR DE LA RENTA
413,OSCAR DE LA RENTA,ALIBI
201,PACO RABANNE,OLIMPIA
202,PACO RABANNE,LADY MILLION
203,PACO RABANNE,LADY EMBLEM
204,PACO RABANNE,LADY MILLION LUCKY
205,PACO RABANNE,LADY MILLION GOLD
206,PACO RABANNE,OLYMPIA LEGEND
207,PACO RABANNE,ULTRAVIOLET
208,PACO RABANNE,OLYMPIA BLOSOM
209,PACO RABANNE,OLYMPIA AQUA
334,PACO RABANNE,LE FAME
341,PACO RABANNE,OLYMPIA AQUA
362,PACO RABANNE,LADY MILLION FABUOUS
375,PACO RABANNE,LADY MILLION ROYAL
384,PACO RABANNE,OLYMPEA SOLAR
210,PALOMA PICASO,PALOMA PICASO
211,PARIS HILTON,PARIS HILTON CULT
212,PARIS HILTON,RUSH
213,PARIS HILTON,WOMAN
214,PARIS HILTON,CAN CAN
215,PARIS HILTON,CAN CAN BURLESQUE
216,PARIS HILTON,ELECTRIFY
217,PARIS HILTON,EDITION ANIVERSARIO
218,PARIS HILTON,PASSPORT
219,PARIS HILTON,HEIRES
220,PERRY ELLIS,360
221,PERRY ELLIS,360 RED
222,PERRY ELLIS,WOMAN
223,PERRY ELLIS,18 WOMAN
224,PERRY ELLIS,LOVE
225,PERRY ELLIS,360 BLUE
311,PERRY ELLIS,RESERVED
339,PERRY ELLIS,360 CORAL
508,PHLUR,STRAWBERRY LETTER
226,PRADA,CANDY
227,PRADA,CANDY LOVE
476,PRADA,PRADA PARADOXE
228,PUMA,PUMA RED
229,RALPH LAURENT,RALPH
230,RALPH LAURENT,RALPH FRESH
231,RALPH LAURENT,ROMANCE ROSS
232,RALPH LAURENT,LADY RALPH
557,RASASSI,HAWAS FOR HER
233,RIHANNA,RI RI
502,RIHANNA,FLEUR
511,ROSENDO MATEU,#8 AMBER EXOTIC
411,RUMBA,RUMBA
475,SABRINA CARPENTER,SWEET TOOTH
234,SALVATORE FERRAGAMO,SIGNORINA
235,SELENA GOMEZ,SELENA GOMEZ
236,SHAKIRA,SHAKIRA
237,SHAKIRA,DANCE MIDNIGHT
297,SHAKIRA,ELIXIR
510,SHAKIRA,BLUSH KISS
515,SNIF,VAINILLA VECE
354,SOFIA VERGARA,LOVE
382,SWESS ARMY,SWEEE ARMY FOR GER
238,TERRE DE HERMES,KELLY CALECHE
239,THIERRY MUEGLER,ANGEL
240,THIERRY MUEGLER,EAU DI ANGEL
241,THIERRY MUEGLER,ANGEL NOVA
333,THIERRY MUEGLER,ANGEL EDT
390,THIERRY MUEGLER,ANGEL ELIXIR
435,THIERRY MUEGLER,ALIEN GOODESS
336,THIERRY MUEGLER,ALIEN WOMAN
242,TOM FORD,JAZMIN ROUGE
243,TOM FORD,ORCHID SOLEIL
398,TOM FORD,ROSE PROCK
399,TOM FORD,BITTER PEACH
459,TOM FORD,LAST CHERRY
483,TOM FORD,BLAK ORCHID VIOLET
496,TOM FORD,WHITE SWEDE
244,TOMMY HILFIGHTER,TOMMY WOMAN
245,TOMMY HILFIGHTER,TOMMY 10 GIRL
558,TOMMY HILFIGHTER,TOMMY GIRL FOREVER
246,TOUS,H2O
247,TOUS,ORIGINAL
248,TOUS,TOUS EDITION ANIVERSARY
249,TOUS,IN HEAVEN
250,TOUS,LOVE ME ONYX
288,TOUS,GEMS PARTY
448,TOUS,LOVE ME EMERAL ELIXIR
463,TOUS,MORE MORE PINK
492,TOUS,MORE MORE PINK
530,TOUS,LOVE ME EMERAL ELIXIR ##
251,VALENTINO,VOVE VIDA
401,VALENTINO,BORN IN ROMA
421,VALENTINO,BORN IN ROMA INTENSE
505,VALENTINO,DONNA BORN IN ROME
519,VALENTINO,VALENTINA
536,VALENTINO,BORN IN ROMA EXTRAVAGANCE
252,VERSACE,BRIGTH KRISTAL
253,VERSACE,EROS
254,VERSACE,VERSACE
255,VERSACE,VERSENCE
256,VERSACE,DYLAN TURQUOISE
298,VERSACE,BRIGTH KRISTAL ABSOLUT
405,VERSACE,DILAN PURPLE
555,VERSACE,KRYSTAL NOIR
257,VERSACE,YELLOW DIAMOND
258,VICTOR & ROLF,BON BON
259,VICTOR & ROLF,FLOWER BOMB
363,VICTOR & ROLF,GOOD FOURTUNE
516,VICTOR & ROLF,BOMBON CULTURE
260,VICTORIA SECRET´S,MANGO TENTATION
261,VICTORIA SECRET´S,LOVE ME
262,VICTORIA SECRET´S,LOVE ME MORE
263,VICTORIA SECRET´S,EAU SO SEXY
264,VICTORIA SECRET´S,FOREVER SEXY
265,VICTORIA SECRET´S,LOVE EAU DE PERFUM
266,VICTORIA SECRET´S,SCANDALOUS
267,VICTORIA SECRET´S,VAINILLA LICE
268,VICTORIA SECRET´S,HELLO DARLING
269,VICTORIA SECRET´S,THESE FLOWERS
270,VICTORIA SECRET´S,SECRET ANGEL
271,VICTORIA SECRET´S,INTENSE
272,VICTORIA SECRET´S,VERY SEXY WOMAN
273,VICTORIA SECRET´S,BOMBSHELL NIGHT
295,VICTORIA SECRET´S,BOMBSHELL
326,VICTORIA SECRET´S,COCO NOUT
416,VICTORIA SECRET´S,BARE
427,VICTORIA SECRET´S,BOMSHEILL BLOOM INTENSE
436,VICTORIA SECRET´S,BOMSHEILL SUNDRECHER
437,VICTORIA SECRET´S,PINK SWEET FLIPIE
460,VICTORIA SECRET´S,DARK ANGEL
461,VICTORIA SECRET´S,DREAM ANGEL
462,VICTORIA SECRET´S,COCO NIGHT
474,VICTORIA SECRET´S,BOMSHEILL GLAMOUR
488,VICTORIA SECRET´S,PINK BY PINK
498,VICTORIA SECRET´S,THEASE COCOA SOURISE
499,VICTORIA SECRET´S,AQUA KISS
500,VICTORIA SECRET´S,PINK WILD BREESY
501,VICTORIA SECRET´S,BOMSHEILL IN BOOM
522,VICTORIA SECRET´S,LIFE IS PINK
542,VICTORIA SECRET´S,HOPE PINK
543,VICTORIA SECRET´S,LIVE PINK
544,VICTORIA SECRET´S,WHIS PINK
274,YANBAL,CIELO
275,YANBAL,GAIA
276,YVES SAIN LAURENT,OPIUM
277,YVES SAIN LAURENT,OPIUM BLACK
278,YVES SAIN LAURENT,CHAMPAGNE
279,YVES SAIN LAURENT,MON PARIS
280,YVES SAIN LAURENT,PARIS
337,YVES SAÍN LAURENT,MON PARIS LUMIERE
346,YVES SAÍN LAURENT,LIBRE
360,YVES SAÍN LAURENT,LIBRE LE PERFUME
391,YVES SAÍN LAURENT,OPIUM BLACK PARFUM
455,YVES SAÍN LAURENT,CUIR
481,YVES SAÍN LAURENT,LIBRE ABSOLUT PLATINO
494,YVES SAÍN LAURENT,BLAC OPIUM OVER RED
506,YVES SAÍN LAURENT,IN LOVE AGAIN
281,ZARA,HIP HOP
282,ZARA,CANDI ROSE
1,ADOLFO DOMINGUEZ,NUDE MUSK
2,ADOLFO DOMINGUEZ,TERRACOTA MUSK
3,ADOLFO DOMINGUEZ,AGUA DE ROSAS BLANCAS
4,AGATHA RUIZ,LOOK
5,ANIMAL,ANIMAL
6,ANIMAL,ANIMAL SEDUCCION
7,ARIANA GRANDE,ARI
8,ARIANA GRANDE,MOONLIGHT
9,ARIANA GRANDE,THANK U NEXT
10,ARIANA GRANDE,R.E.M.
11,ARIANA GRANDE,GOD IS WOMAN
12,ARIANA GRANDE,CLOUD
13,ARIANA GRANDE,SWEET LIKE CANDY
14,ARMANI,AQUA DI GIO
15,ARMANI,SI PASSIONE
16,ARMANI,EMPORIO ARMANI
17,ARMANI,YOU
18,ARMANI,BLACK CODE
19,ARMANI,MY WAY
20,ARMANI,BECAUSE IT'S YOU
21,ARMANI,SENSI DI GIOGIA
22,ARMANI,SI
23,BENETTON,TRIBU
24,BENETTON,SISTERLAND RED ROSE
25,BENETTON,SISTERLAND PINK
26,BENETTON,SISTERLAND GREEN JAZMIN
27,BENETTON,COLORS WOMAN ROSE
28,BRITNEY SPEARS,MIDNIGHT FANTASY
29,BURBERRY,HER
30,BURBERRY,LONDON
31,BVLGARI,AQUA DIVINA
32,BVLGARI,OMNIA BY MARY
33,BVLGARI,OMNIA CRYSTALINO
34,CACHAREL,AMOR AMOR
35,CACHAREL,ANAIS ANAIS
36,CACHAREL,SCARLET
37,CACHAREL,YES I AM
38,CACHAREL,AMOR AMOR TENTATION
39,CALVIN KLEIN,ETERNITY
40,CALVIN KLEIN,SCAPE
41,CALVIN KLEIN,ETERNITY INTENSE
42,CALVIN KLEIN,CK IN2U WOMAN
43,CALVIN KLEIN,CK BE
44,CALVIN KLEIN,OBSSESION
45,CALVIN KLEIN,OBSSESSION NIGHT WOMAN
46,CALVIN KLEIN,OBSSESION FOR WOMAN
47,CALVIN KLEIN,ETERNITY ROSE
48,CALVIN KLEIN,CK ONE SHOCK FOR HER
49,CALVIN KLEIN,ETERNITY NOW
50,CAROLINA HERRERA,212 VIP ROSE RED
51,CAROLINA HERRERA,212
52,CAROLINA HERRERA,212 VIP
53,CAROLINA HERRERA,212 VIP ROSE
54,CAROLINA HERRERA,212 SEXY
55,CAROLINA HERRERA,GOOD GIRL
56,CAROLINA HERRERA,EAU DE PERFUME SUBLIME
57,CAROLINA HERRERA,CAROLINA HERRERA
58,CAROLINA HERRERA,GOOD GIRL VELVET
59,CAROLINA HERRERA,GOOD GIRL SUPREM
60,CAROLINA HERRERA,CH BEAUTY
61,CAROLINA HERRERA,QUEEN
62,CAROLINA HERRERA,VERY GOOD GIRL
63,CAROLINA HERRERA,GOOD GIRL SUPER STAR
64,CARTIER,INSUOLENCIA
65,CHANEL,GABRIELLE
66,CHANEL,CHANEL 5
67,CHANEL,CHANCE
68,CHANEL,COCO CHANEL
69,CHANEL,MADEMOISELLE INTENSE
70,CHANEL,ALLURE
71,CHANEL,MADEMOISELLE
72,CHANEL,CHANCE EAU
73,DIOR,ADICT
74,DIOR,JADORE
75,DIOR,MISS DIOR BLOOMING
76,DIOR,MISS DIOR CHERRIE
77,DIOR,POISSON GIRL
78,DIOR,HIPNOTIC POISON
79,DIOR,POISSON
80,DIOR,EDEN ROC
81,COACH,DREAM SUNSET
82,CREED,IRIS TUBEROSE
83,CREED,SPRING FLOWER
84,DANNA,TABOO
85,DAVID COFF,COOL WATER
86,DIOR,MISS DIOR EDP LADY
87,DOLCE & GABANNA,DOLCE & GABANNA
88,DOLCE & GABANNA,LIGTH BLUE
89,DOLCE & GABANNA,GIRL
90,DOLCE & GABANNA,THE ONE
91,DOLCE & GABANNA,DOLCE ROSA
92,DOLCE & GABANNA,LIGHT BLUE FOREVER
93,DONNA KARAM,BE DELICIUOS
94,DONNA KARAM,BE DELICIUOS ELECTRIC
95,DONNA KARAM,BE DELICIOUS GLOW
96,DONNA KARAM,RED DELICIUOS
97,DONNA KARAM,LOVE FROM NEW YORK
98,DONNA KARAM,BE DELICIUS BRIGHT CRUSH
99,DONNA KARAM,BE DELICIUS FRESH BLOSOM
100,DONNA KARAM,BE 100 % DELICIUS
101,ED HARDY,ED HARDY WOMAN
102,ELIZABERTH ARDEN,RED DOR
103,ELIZABETH ARDEN,5a AVENIDA
104,ELIZABETH ARDEN,SUN FLOWERS SUMMER
105,ELIZABETH TAYLOR,PASSION
106,ELIZABETH TAYLOR,PERLAS NEGRAS
107,ELIZABETH TAYLOR,WHITE DIAMONS
108,ESCADA,TROPIC PUNCH
109,ESCADA,MIAMI BLOSSOM
110,ESCADA,SUN SET
111,ESCADA,SEXY GRAFFITY
112,ESCADA,JOY FUL MOMENTS
113,ESCADA,MOM SPARKLE WOMAN
114,ESTEE LAUDER,PLEASURE FLORALES
115,ESTEE LAUDER,PLEASURES
116,ESTEE LAUDER,BEAUTIFUL MAGNOLIA
117,ESTEE LAUDER,ESTE LAUDER
118,ESTEE LAUDER,LE FEMME
119,FRED HAYMAN,273
120,GIVENCHY,ANGEL & DEMOND
121,GIVENCHY,AMARIGE
122,GIVENCHY,ORGANZA
123,GIVENCHY,LIVE IRRESISTIBLE DELICIUS
124,GIVENCHY,VERY IRRESISTIBLE
125,GIVENCHY,INTERDIT
126,GIVENCHY,IRRESISTIBLE
127,GIVENCHY,INTERDIT ROUGE
128,GIVENCHY,ANGEL & DEMOND SECRET
129,GUCCI,GUCCI BAMBOO
130,GUCCI,GUCCI BLOOM NETARE
131,GUERLAIN,SAMSARA
132,GUESS,GUESS
133,GUESS,GUESS GOLD
134,HILARY DUFF,WHIT LOVE
135,HUGO BOSS,WOMAN
136,HUGO BOSS,BOSS FEMME
137,HUGO BOSS,LIVE
138,HUGO BOSS,DEEP RED
139,JEAN CHARLES,OMBRE ROSE
140,JEAN PAUL,LE BELLE
141,JEAN PAUL,SCANDAL
142,JESUS DEL POZO,HALLOWEEN
143,JESUS DEL POZO,HALLOWEEN KISS
144,JO MALONE,SCARLET PUPPY INTENSE
145,JUSTIN BIEBER,SOMEDAY
146,JUSTIN BIEBER,THE KEY
147,KATY PERRY,MEOW
148,KATY PERRY,MAD LOVE
149,KATY PERRY,PURRY
150,KATY PERRY,KILLER QUEEN
151,KENZO,KENZO WORLD INTENSE
152,KENZO,KENZO FLOWERS
153,KENZO,AQUA KENZO
154,KENZO,KENZO AMOR
155,KIM KARDASHIAN,PINK DIAMOND
156,KIM KARDASHIAN,RED LIPS
157,KIM KARDASHIAN,BABY GIRL
158,KIM KARDASHIAN,BADDIE
159,KIM KARDASHIAN,BFF
160,KIM KARDASHIAN,DIAMOND
161,KIM KARDASHIAN,RID OR DIE
162,KIM KARDASHIAN,LIPS PINK
163,LACOSTE,12:12 NATURAL
164,LACOSTE,LOVE OF PINK
165,LACOSTE,12:12 ELEGANT
166,LACOSTE,LACOSTE FEMME
167,LACOSTE,FEME TIME
168,LACOSTE,SPARKING COLLECTION
169,LACOSTE,ROSE FOR HER
170,LANCOME,POEME
171,LANCOME,TREESOR
172,LANCOME,HIPNOTIC
173,LANCOME,LA VIDA ES BELLA
174,LANCOME,IDOLE
175,LANCOME,LA NUIT TREESOR
176,LANCOME,IDOLE AURA
177,LANCOME,ROSE PEONI
178,LANCOME,JAZMIN D EAU
179,LIZ CLAIBORNE,MAMBO WOMAN
180,LOEWE,SOLO PARA ELLA
181,LOUIS VUITTON,ROSE DES VENTS
182,MADAM ROCHAS,MADAME ROCHE
183,MADAM ROCHAS,GIRL
184,MARC JACOBS,MUJER PERFECTA
185,MARC JACOBS,SI LOLITA
186,MARIA SHARAPOVA,MARIA SHARAPOVA
187,MONT BLANC,EMBLEM LADY
188,MONT BLANC,FOREVER SIGNATURE
189,MOSCHINO,GOLD FRECH
190,MOSCHINO,TOY
191,MOSCHINO,FUNNY
192,MOSCHINO,I LOVE LOVE
193,MOSCHINO,GLAMOUR
194,MOSCHINO,TOY 2 BUMBLI
195,NARCISO RODRIGUEZ,MUSK GIRL
196,NAUTICA,NAUTICA WOMAN
197,NINA RICCI,NINA RICCI
198,NINA RICCI,AIRES DEL TIEMPO
199,ONE DIRECTION,THAT MOMENT
200,OSCAR DE LA RENTA,OSCAR DE LA RENTA
201,PACO RABANNE,OLIMPIA
202,PACO RABANNE,LADY MILLION
203,PACO RABANNE,LADY EMBLEM
204,PACO RABANNE,LADY MILLION LUCKY
205,PACO RABANNE,LADY MILLION GOLD
206,PACO RABANNE,OLYMPIA LEGEND
207,PACO RABANNE,ULTRAVIOLET
208,PACO RABANNE,OLYMPIA BLOSOM
209,PACO RABANNE,OLYMPIA AQUA
210,PALOMA PICASO,PALOMA PICASO
211,PARIS HILTON,PARIS HILTON CULT
212,PARIS HILTON,RUSH
213,PARIS HILTON,WOMAN
214,PARIS HILTON,CAN CAN
215,PARIS HILTON,CAN CAN BURLESQUE
216,PARIS HILTON,ELECTRIFY
217,PARIS HILTON,EDITION ANIVERSARIO
218,PARIS HILTON,PASSPORT
219,PARIS HILTON,HEIRES
220,PERRY ELLIS,360
221,PERRY ELLIS,360 RED
222,PERRY ELLIS,WOMAN
223,PERRY ELLIS,18 WOMAN
224,PERRY ELLIS,LOVE
225,PERRY ELLIS,360 BLUE
226,PRADA,CANDY
227,PRADA,CANDY LOVE
228,PUMA,PUMA RED
229,RALPH LAURENT,RALPH
230,RALPH LAURENT,RALPH FRESH
231,RALPH LAURENT,ROMANCE ROSS
232,RALPH LAURENT,LADY RALPH
233,RIHANNA,RI RI
234,SALVATORE FERRAGAMO,SIGNORINA
235,SELENA GOMEZ,SELENA GOMEZ
236,SHAKIRA,SHAKIRA
237,SHAKIRA,DANCE MIDNIGHT
238,TERRE DE HERMES,KELLY CALECHE
239,THIERRY MUEGLER,ANGEL
240,THIERRY MUEGLER,EAU DI ANGEL
241,THIERRY MUEGLER,ANGEL NOVA
242,TOM FORD,JAZMIN ROUGE
243,TOM FORD,ORCHID SOLEIL
244,TOMMY HILFIGHTER,TOMMY WOMAN
245,TOMMY HILFIGHTER,TOMMY 10 GIRL
246,TOUS,H2O
247,TOUS,ORIGINAL
248,TOUS,TOUS EDITION ANIVERSARY
249,TOUS,IN HEAVEN
250,TOUS,LOVE ME ONYX
251,VALENTINO,VOVE VIDA
252,VERSACE,BRIGTH KRISTAL
253,VERSACE,EROS
254,VERSACE,VERSACE
255,VERSACE,VERSENCE
256,VERSACE,DYLAN TURQUOISE
257,VERSACE,YELLOW DIAMOND
258,VICTOR & ROLF,BON BON
259,VICTOR & ROLF,FLOWER BOMB
260,VICTORIA SECRET´S,MANGO TENTATION
261,VICTORIA SECRET´S,LOVE ME
262,VICTORIA SECRET´S,LOVE ME MORE
263,VICTORIA SECRET´S,EAU SO SEXY
264,VICTORIA SECRET´S,FOREVER SEXY
265,VICTORIA SECRET´S,LOVE EAU DE PERFUM
266,VICTORIA SECRET´S,SCANDALOUS
267,VICTORIA SECRET´S,VAINILLA LICE
268,VICTORIA SECRET´S,HELLO DARLING
269,VICTORIA SECRET´S,THESE FLOWERS
270,VICTORIA SECRET´S,SECRET ANGEL
271,VICTORIA SECRET´S,INTENSE
272,VICTORIA SECRET´S,VERY SEXY WOMAN
273,VICTORIA SECRET´S,BOMBSHELL NIGHT
274,YANBAL,CIELO
275,YANBAL,GAIA
276,YVES SAIN LAURENT,OPIUM
277,YVES SAIN LAURENT,OPIUM BLACK
278,YVES SAIN LAURENT,CHAMPAGNE
279,YVES SAIN LAURENT,MON PARIS
280,YVES SAIN LAURENT,PARIS
281,ZARA,HIP HOP
282,ZARA,CANDI ROSE
283,LOLITA LEMPIKA,WOMAN
284,ABERCOMBRIE &FITCH,FIRCE FOR HER
285,KIM KARDASHIAN,BAE
286,CHANEL,CHANCE OPORTUNITY
287,CHANEL,CHANCE TENDRE
288,TOUS,GEMS PARTY
289,BRITNEY SPEARS,FANTASY
290,GERMAIN MONTIEL,ROYAL SECRET
291,ESCADA,SORBETO ROSE
292,CAROLINA HERRERA,INSIGNIA
293,NINA RICCI,NINA ULTRA ROUGE
294,CHANEL,COCO NOIR
295,VICTORIA SECRET´S,BOMBSHELL
296,MANCERA,VAINILLA ROSE
297,SHAKIRA,ELIXIR
298,VERSACE,BRIGTH KRISTAL ABSOLUT
299,KIM KARDASHIAN,KIMOJI CHERRY
300,GUCCI,GUCCI GUILTY
301,ESCADA,ISLAND KISS
302,CALVIN KLEIN,EUPHORIA
303,CAROLINA HERRERA,212 VIP WINS
304,HUGO BOSS,ORANGE
305,HUGO BOSS,XX BOSS
306,DOLCE & GABANNA,SISI
307,JEAN PAUL,SCANDALO GOLD
308,LANCOME,LA VIDA ES BELLA Y BRILLANTE
309,KATY PERRY,SPRING REING
310,JEAN PAUL,SECRET LUMINOSO
311,PERRY ELLIS,RESERVED
312,HUGO BOSS,THE SCENCE
313,CARTIER,EAU CARTIER
314,MOSCHINO,CHEAP &CHIC I LOVE LOVE
315,ALFRED DUNHILL,DESEO WOMAN
316,CAROLINA HERRERA,212 HEROES
317,LACOSTE,12:12 FRESH
318,LACOSTE,12:12 SPARKING
319,LACOSTE,12:12 MAGNETIC
320,LACOSTE,TOUCH OF PINK
321,NINA RICCI,NINA SOLEIL
322,MARC JACOBS,DAISY SKIES
323,MARC JACOBS,DAISY EAU INTENSE
324,MARC JACOBS,DAISY EAU FRESH
325,MARC JACOBS,DAISY LOVE
326,VICTORIA SECRET´S,COCO NOUT
327,LOUIS VUITTON,ATTRAPES REVES
328,LOUIS VUITTON,CITY OF STARS
329,ISSEY MIYAKE,A DROP DISSEY
330,MAISON FRANCIS,LIQUID GOLD
331,LOEWE,PAULA IBIZA
332,CHLOE,NOMADE
333,THIERRY MUEGLER,ANGEL EDT
334,PACO RABANNE,LE FAME
335,BURBERRY,BURBERRY FOR WOMAN
336,THIERRY MUEGLER,ALIEN WOMAN
337,YVES SAÍN LAURENT,MON PARIS LUMIERE
338,CAROLINA HERRERA,CH HOT HOT HOT
339,PERRY ELLIS,360 CORAL
340,JESÚS DEL POZO,HALLOWEEN BLOSOM
341,PACO RABANNE,OLYMPIA AQUA
342,CREED,WIND FLOWERS
343,GUCCI,GUILTY INTENSE
344,ARMANI,MY WAY EDP
345,LANCOME,MAFNITIQUE
346,YVES SAÍN LAURENT,LIBRE
347,ENRIQUE IGLESIAS,DEPLY YURS FOR HER
348,GIVENCHY,EAU DEMOISELLE PALASHA
349,JEAN PAUL,I LOVE CLASSIQUE
350,ESTEE LAUDER,BEAUTIFUL
351,NARCISO RODRIGUEZ,EAU DI PERFUME
352,AGATHA RUIZ,WOW GIRL
353,ARMANI,DIAMONS
354,SOFIA VERGARA,LOVE
355,BVLGARI,OMNIA CORAL
356,JUICY CULTURE,VIVA LA JUICE
357,CHANEL,PARIS PARIS
358,MAISON FRANCIS,BACCARAT
359,JEAN PAUL,SCANDAL LE PERFUME
360,YVES SAÍN LAURENT,LIBRE LE PERFUME
361,KENZO,KENZO FLOWERS ABSOLUT
362,PACO RABANNE,LADY MILLION FABUOUS
363,VICTOR & ROLF,GOOD FOURTUNE
364,CAROLINA HERRERA,ALEGRIA DE VIVIR
365,CAROLINA HERRERA,MAD WORLD
366,CAROLINA HERRERA,212 VIP ROSE I LOVE
367,CAROLINA HERRERA,ME FIRST
368,CAROLINA HERRERA,FEARLES & FABULOUS
369,CAROLINA HERRERA,LUCKY CHARM
370,CAROLINA HERRERA,CALL ME DARLING
371,LANCOME,OUL LA VIDA ES BELLA
372,LANCOME,LA VIDA ES BELLA BELLO DESPERTAR
373,LACOSTE,12:12 ROSE EAU INTENSE
374,ESCADA,CHERRY IN THE AIR
375,PACO RABANNE,LADY MILLION ROYAL
376,ARIANA GRANDE,MOD VANILLA
377,BURBERRY,BURBERRY HER ELIXIR PERFUM
378,KILIAN,KILIAN LOVE
379,GUCCI,FLORA JAZMIN
380,BILIE EILISH,EILISH EDP
381,GUERLAIN,LA PETITE ROBE NOIR
382,SWESS ARMY,SWEEE ARMY FOR GER
383,ESCADA,SHOW ME LOVE
384,PACO RABANNE,OLYMPEA SOLAR
385,DOLCE & GABANNA,QUEEN BY DOLCE
386,GUESS,BELLA VITA ROSE
387,GIVENCHY,IRRESISTIBLE EAU INTENSE
388,CALVIN KLEIN,ETERNITY EAU DI PERFUMEINTENSE
389,BEBE,SHER
390,THIERRY MUEGLER,ANGEL ELIXIR
391,YVES SAÍN LAURENT,OPIUM BLACK PARFUM
392,KILIAN,CANT STOP LOVING YOU
393,ARIANA GRANDE,MOD BLUSH
394,CAROLINA HERRERA,GOOD GIRL MIDNIGHT
395,JIMMY CHOO,I WANT CHOO FOREVER
396,LAVIN,ECLAT D ALPAGE MOON ECLAT
397,CACHAREL,YES I AM BLOM UP
398,TOM FORD,ROSE PROCK
399,TOM FORD,BITTER PEACH
400,GUERLAIN,GREEN OASIS
401,VALENTINO,BORN IN ROMA
402,CAROLINA HERRERA,GOOD GIRL BLUSH
403,CAROLINA HERRERA,GOOD GIRL LIGERE
404,CAROLINA HERRERA,PASSION FOR HER
405,VERSACE,DILAN PURPLE
406,LANCOME,LA VIDA ES BELLA SOLEIL KRYSTAL
407,CHLOE,CHLOE EAU
408,LANCOME,LANUIT TREESOR FLOR LANUIT
409,JIMMY CHOO,JIMMY CHOO FOR EVER
410,BOND 9,LOLITA
411,RUMBA,RUMBA
412,AZZARO,EANTED GIRL
413,OSCAR DE LA RENTA,ALIBI
414,GIVENCHY,LA PETIT ROBLE NOIR
415,ESCADA,CHERRY IN THE AIR
416,VICTORIA SECRET´S,BARE
417,LANCOME,TREESRO MIDNIGHT ROSE
418,LANCOME,LA VIDA ES BELLA INTENSAMENTE
419,LANCOME,LA VIDA ES BELLA IRIS ABSOLUT
420,DIOR,JADORE INFINISSIME
421,VALENTINO,BORN IN ROMA INTENSE
422,LANCOME,LA VIDA ES BELLA ELIXIR
423,GUCCI,GUCCI BLOOM INTENSE
424,GIVENCHY,PI
425,CALVIN KLEIN,CK ONE REFLECTIONS
426,AMOUAGE,GUIDANCE
427,VICTORIA SECRET´S,BOMSHEILL BLOOM INTENSE
428,MARC JACOBS,DIVINE DECACENCE
429,BRITNEY SPEARS,FANTASY THE NICE REMIX
430,DOLCE & GABANNA,DULCE VIOLET
431,KENZO,KENZO FLOWERS ELIXIR
432,CREED,AVENTUS FOR HER
433,HUGO BOSS,ALIVE INTENSE
434,DIESEL,D BY DIESEL
435,THIERRY MUEGLER,ALIEN GOODESS
436,VICTORIA SECRET´S,BOMSHEILL SUNDRECHER
437,VICTORIA SECRET´S,PINK SWEET FLIPIE
438,DOLCE & GABANNA,DEVOTION
439,DOLCE & GABANNA,THE ONE SCENSE
440,CAROLINA HERRERA,VERY GOOD GIRL GLAM
441,CAROLINA HERRERA,CH EAU PARFUM SUBLIME
442,CAROLINA HERRERA,GOOD GIRL DANZING GARDEN
443,ABERCOMBRIE &FITCH,FIRCE AUTENTIC WOMAN
444,MADAM ROCHAS,EAU ROCGAS
445,MADAM ROCHAS,ROCHAS MADEIMOSELL
446,LATTAFA,YARA
447,ARIANA GRANDE,CLOUD PINK
448,TOUS,LOVE ME EMERAL ELIXIR
449,BURBERRY,GODDESS
450,BENETTON,COLOR WOMAN ROSE
451,CUBA PARIS,CUBA TATTO
452,BARBIE,BARBIE
453,ARMANI,SI
454,CHANEL,SYCOMORE
455,YVES SAÍN LAURENT,CUIR
456,CAROLINA HERRERA,CHIC
457,CALVIN KLEIN,CK ONE EVERY ONE EAU PARFUM
458,CALVIN KLEIN,CK1 PALACE
459,TOM FORD,LAST CHERRY
460,VICTORIA SECRET´S,DARK ANGEL
461,VICTORIA SECRET´S,DREAM ANGEL
462,VICTORIA SECRET´S,COCO NIGHT
463,TOUS,MORE MORE PINK
464,KIM KARDASHIAN,WIFEY
465,ESCADA,FRUITY CROSS
466,MICHAEL KORS,SUPER GEORGIN
467,CALVIN KLEIN,CK ONE COLLECOR
468,DOLCE & GABANNA,LIGHT BLUE SUMERS
469,LATTAFA,MAYAR
470,CREED,CARMINA
471,MALUMA,JADE ROYALTY
472,MALUMA,AMETHIST ROYAL
473,BEYONCE,CE NOIR
474,VICTORIA SECRET´S,BOMSHEILL GLAMOUR
475,SABRINA CARPENTER,SWEET TOOTH
476,PRADA,PRADA PARADOXE
477,ORIENTICA,FLEUR
478,ORIENTICA,MY MEDOLY
479,ORIENTICA,VELVET GOLD
480,BENETTON,UNITED DREAMS GREEN CATUS
481,YVES SAÍN LAURENT,LIBRE ABSOLUT PLATINO
482,HUGO BOSS,HUGO XX
483,TOM FORD,BLAK ORCHID VIOLET
484,JUICY CULTURE,I LOVE JUICE
485,MARLY,DELINA LIMITED
486,ARMANI,MY WAY NECTAR
487,DIOR,MIS DIOR PARFUM 2024
488,VICTORIA SECRET´S,PINK BY PINK
489,NINA RICCI,LEXTASE DE ROSES
490,BODY SHOP,CASSIR ROSE
491,MOSCHINO,TOY 2
492,TOUS,MORE MORE PINK
493,ESTEE LAUDER,BEJONCE PARADISE
494,YVES SAÍN LAURENT,BLAC OPIUM OVER RED
495,ARMANI,MY WAY PARFUM
496,TOM FORD,WHITE SWEDE
497,JEAN PAUL,LE BELLE PARADISE
498,VICTORIA SECRET´S,THEASE COCOA SOURISE
499,VICTORIA SECRET´S,AQUA KISS
500,VICTORIA SECRET´S,PINK WILD BREESY
501,VICTORIA SECRET´S,BOMSHEILL IN BOOM
502,RIHANNA,FLEUR
503,GIVENCHY,IRRESISTIBLE EAU TOLLITE
504,DIOR,MISS DIOR EAU DE PARFUM 2022
505,VALENTINO,DONNA BORN IN ROME
506,YVES SAÍN LAURENT,IN LOVE AGAIN
507,LATTAFA,HAYA
508,PHLUR,STRAWBERRY LETTER
509,AGATA RUIZ,LOOK LOOK
510,SHAKIRA,BLUSH KISS
511,ROSENDO MATEU,#8 AMBER EXOTIC
512,LATTAFA,OUD SALAMI
513,LATTAFA,YARA MOI
514,LATTAFA,MAYAR NATURAL
515,SNIF,VAINILLA VECE
516,VICTOR & ROLF,BOMBON CULTURE
517,CAROLINA HERRERA,GOOD GIRL BLUSH ELIXIR
518,JEAN PAUL,LE BELLE PARADISE GUARD
519,VALENTINO,VALENTINA
520,GUCCI,GUILTY ELIXIR DE PARFUM
521,MARC JACOBS,DAISY
522,VICTORIA SECRET´S,LIFE IS PINK
523,LANCOME,MILLIET UNE ROSE
524,LATTAFA,EJAZZI
525,KAYAL,AICAN
526,MAISON FRANCIS,BACARAT 540 EXTRAIL PARFUM
527,GUCCI,GUILTY ABSOLUT
528,GUCCI,FLORA GERGIUS MAGNOLIA
529,GUCCI,FLORA GERGIUS ORQUID
530,TOUS,LOVE ME EMERAL ELIXIR ##
531,JOVAN,JOVAN MUSK
533,GUERLAIN,SPARKING LIGHT
534,GUERLAIN,MOON DE GUERLAIN
535,KAYALI,VAINILLA ROCK
536,VALENTINO,BORN IN ROMA EXTRAVAGANCE
537,LATTAFA,OUD SALAMA
538,LATTAFA,MAYAR NATURAL INTENSE
539,JUSTIN BIEBER,NEXT GIRLFREND
540,BRITNEY SPEARS,FANTASY JUNGLE
541,LANCOME,MIRACLE
542,VICTORIA SECRET´S,HOPE PINK
543,VICTORIA SECRET´S,LIVE PINK
544,VICTORIA SECRET´S,WHIS PINK
545,BVLGARI,CHILL & SOLEI
546,LATTAFA,AJWAD
547,LATTAFA,KASHIAN
548,LATTAFA,MAYAR CHERRY INTENSE
549,LATTAFA,YARA TOUS
550,CAROLINA HERRERA,CH
551,CLINIQUE,HAPPY
552,MARLYN,PLATINE
553,CREED,LOVE IN THE WHITE FOR SUMMER
554,LATTAFA,YARA CANDY
555,VERSACE,KRYSTAL NOIR
556,HUGO BOSS,BOSS XX
557,RASASSI,HAWAS FOR HER
558,TOMMY HILFIGHTER,TOMMY GIRL FOREVER
559,MARC JACOBS,HONEY
560,DOLCE & GABANNA,DOLCE VITA
